#,File Name,Probability,Classification
1,AB_F_000567235826_20200307084748.jpg,0.9999871,Yes
2,AB_F_000567235872_20200307094625.jpg,0.0764471,No
3,AB_F_000567236232_20200307151835.jpg,0.041707426,No
4,AB_F_000567236232_20200307151854.jpg,0.0013484657,No
5,AB_F_000567236469_20200307132446.jpg,0.045039058,No
6,AB_F_000567236469_20200307132500.jpg,0.67950314,Yes
7,AB_F_000567236855_20200307140131.jpg,0.00686571,No
8,AB_F_000567237637_20200307152210.jpg,0.0015149117,No
9,AB_F_000567239321_20200307101551.jpg,0.018078059,No
10,AB_F_000567239321_20200307101613.jpg,0.0020645857,No
11,AB_F_000567239350_20200303153550.jpg,0.0034442544,No
12,AB_F_000567240841_20200307101855.jpg,0.00547418,No
13,AB_F_000567241637_20200307104430.jpg,0.23988438,No
14,AB_F_000567241800_20200307113245.jpg,0.014777333,No
15,AB_F_000567241838_20200307092040.jpg,0.0274207,No
16,AB_F_000567241838_20200307092056.jpg,0.60124624,Yes
17,AB_F_000567242126_20200307100924.jpg,0.042016298,No
18,AB_F_000567242890_20200304102041.jpg,0.9955435,Yes
19,AB_F_000567242911_20200307130941.jpg,0.8461492,Yes
20,AB_F_000567243692_20200303150137.jpg,0.7559882,Yes
21,AB_F_000567243869_20200307145827.jpg,0.72826266,Yes
22,AB_F_000567243869_20200307145835.jpg,0.8861021,Yes
23,AB_F_000567243869_20200307145852.jpg,0.9371089,Yes
24,AB_F_000567243869_20200307145906.jpg,0.0001566112,No
25,AB_F_000567243869_20200307145932.jpg,0.00025954843,No
26,AB_F_000567244032_20200303151738.jpg,0.9958604,Yes
27,AB_F_000567244238_20200307134004.jpg,0.446755,No
28,AB_F_000567244674_20200307142023.jpg,0.29539928,No
29,AB_F_000567245250_20200307081020.jpg,0.0044883788,No
30,AB_F_000567245250_20200307081037.jpg,0.00069215894,No
31,AB_F_000567245408_20200307094814.jpg,0.7911887,Yes
32,AB_F_000567245638_20200307112129.jpg,0.008068919,No
33,AB_F_000567246044_20200307132041.jpg,0.011369586,No
34,AB_F_000567246079_20200307115038.jpg,0.5091244,Yes
35,AB_F_000567247084_20200307114034.jpg,0.9244468,Yes
36,AB_F_000567247084_20200307114046.jpg,0.00012126523,No
37,AB_F_000567247246_20200307082637.jpg,0.008174449,No
38,AB_F_000567247706_20200307162438.jpg,0.93701255,Yes
39,AB_F_000567247863_20200307090922.jpg,0.9946828,Yes
40,AB_F_000567248401_20200307141133.jpg,0.45074776,No
41,AB_F_000567248416_20200307141337.jpg,0.304663,No
42,AB_F_000567248419_20200307141216.jpg,0.011272699,No
43,AB_F_000567248428_20200307141258.jpg,0.09393287,No
44,AB_F_000567248429_20200307141449.jpg,0.9491811,Yes
45,AB_F_000567248433_20200307141610.jpg,0.19306651,No
46,AB_F_000567248434_20200307141649.jpg,0.097364426,No
47,AB_F_000567248434_20200307142618.jpg,0.13826454,No
48,AB_F_000567248438_20200307140430.jpg,0.021579325,No
49,AB_F_000567248441_20200307141046.jpg,0.5284615,Yes
50,AB_F_000567248460_20200307141558.jpg,0.07038072,No
51,AB_F_000567248462_20200307140652.jpg,0.00071558356,No
52,AB_F_000567248470_20200307141123.jpg,0.8312228,Yes
53,AB_F_000567248473_20200307141728.jpg,3.9779068e-05,No
54,AB_F_000567248473_20200307141906.jpg,0.42761657,No
55,AB_F_000567248479_20200307175823.jpg,0.081403196,No
56,AB_F_000567248479_20200307175841.jpg,0.00075149536,No
57,AB_F_000567248494_20200307142045.jpg,0.04179129,No
58,AB_F_000567248495_20200307142002.jpg,0.71356094,Yes
59,AB_F_000567248529_20200307174403.jpg,0.9106538,Yes
60,AB_F_000567248659_20200304101449.jpg,0.7662606,Yes
61,AB_F_000567248676_20200303165856.jpg,0.4950413,No
62,AB_F_000567248944_20200307143229.jpg,0.016210496,No
63,AB_F_000567249151_20200307143721.jpg,0.045434862,No
64,AB_F_000567249158_20200307143535.jpg,0.0684751,No
65,AB_F_000567249540_20200307102652.jpg,0.006089896,No
66,AB_F_000567249698_20200307111307.jpg,0.92392707,Yes
67,AB_F_000567249698_20200307112526.jpg,0.2819311,No
68,AB_F_000567250085_20200307105903.jpg,0.10875136,No
69,AB_F_000567250185_20200303155924.jpg,0.23947635,No
70,AB_F_000567250301_20200307122906.jpg,0.6929,Yes
71,AB_F_000567250445_20200303170628.jpg,0.19379944,No
72,AB_F_000567251005_20200307113350.jpg,0.027456135,No
73,AB_F_000567251657_20200307095916.jpg,0.12210646,No
74,AB_F_000567251657_20200307100018.jpg,0.9684613,Yes
75,AB_F_000567251759_20200307091659.jpg,5.6431767e-05,No
76,AB_F_000567251759_20200307091707.jpg,2.7865026e-05,No
77,AB_F_000567251759_20200307091712.jpg,0.00063711405,No
78,AB_F_000567252347_20200303173856.jpg,0.1455316,No
79,AB_F_000567252609_20200307133959.jpg,0.7976632,Yes
80,AB_F_000567252669_20200307135632.jpg,0.20340124,No
81,AB_F_000567253517_20200307141326.jpg,0.50706345,Yes
82,AB_F_000567254788_20200307160723.jpg,0.9182284,Yes
83,AB_F_000567255113_20200307155606.jpg,0.0005995333,No
84,AB_F_000567255250_20200307153520.jpg,0.99986887,Yes
85,AB_F_000567255275_20200307154039.jpg,0.84176254,Yes
86,AB_F_000567255275_20200307154301.jpg,0.9999467,Yes
87,AB_F_000567257537_20200307142041.jpg,0.8446818,Yes
88,AB_F_000567263114_20200306094447.jpg,0.40856254,No
89,AB_F_000567263144_20200306102304.jpg,0.28893885,No
90,AB_F_000567263145_20200304114012.jpg,0.88665473,Yes
91,AB_F_000567263180_20200304114929.jpg,0.22771728,No
92,AB_F_000567263188_20200304100019.jpg,0.22649881,No
93,AB_F_000567263239_20200305111624.jpg,0.08777571,No
94,AB_F_000567263548_20200307122026.jpg,0.88563496,Yes
95,AB_F_000567263595_20200307151613.jpg,0.8362623,Yes
96,AB_F_000567264054_20200307082303.jpg,0.64167404,Yes
97,AB_F_000567264514_20200307115928.jpg,0.00013920665,No
98,AB_F_000567264514_20200307115942.jpg,2.4130744e-05,No
99,AB_F_000567267927_20200307132101.jpg,0.985775,Yes
100,AB_F_000567269003_20200307111459.jpg,0.06890583,No
101,AB_F_000567239347_20200307155529.jpg,0.9480343,Yes
102,AB_F_000567239347_20200307155722.jpg,0.99970603,Yes
103,AB_F_000567239347_20200307155824.jpg,0.9849701,Yes
104,AB_F_000567240841_20200307102021.jpg,0.18424582,No
105,AB_F_000567240886_20200307151636.jpg,0.9721152,Yes
106,AB_F_000567241056_20200303145909.jpg,0.9999671,Yes
107,AB_F_000567241466_20200307093031.jpg,0.76210725,Yes
108,AB_F_000567241498_20200307114358.jpg,0.749368,Yes
109,AB_F_000567242426_20200303151326.jpg,0.1131441,No
110,AB_F_000567243869_20200307145843.jpg,0.59408176,Yes
111,AB_F_000567244393_20200307142522.jpg,0.9677961,Yes
112,AB_F_000567244624_20200307120758.jpg,0.9951322,Yes
113,AB_F_000567244624_20200307120938.jpg,0.99988997,Yes
114,AB_F_000567244664_20200304090832.jpg,0.84590864,Yes
115,AB_F_000567244717_20200303150943.jpg,0.927145,Yes
116,AB_F_000567245662_20200307083226.jpg,0.07447776,No
117,AB_F_000567245662_20200307084221.jpg,0.92590094,Yes
118,AB_F_000567245983_20200307143102.jpg,0.9997282,Yes
119,AB_F_000567245983_20200307143703.jpg,0.9989308,Yes
120,AB_F_000567247246_20200307082451.jpg,0.9994494,Yes
121,AB_F_000567247633_20200307152025.jpg,0.7191651,Yes
122,AB_F_000567247807_20200307093336.jpg,0.9681805,Yes
123,AB_F_000567247863_20200307091021.jpg,0.74648094,Yes
124,AB_F_000567248362_20200307141529.jpg,0.96061087,Yes
125,AB_F_000567248397_20200307141015.jpg,0.9374646,Yes
126,AB_F_000567248399_20200307141054.jpg,0.7436631,Yes
127,AB_F_000567248405_20200307141411.jpg,0.7705375,Yes
128,AB_F_000567248411_20200307141725.jpg,0.9987564,Yes
129,AB_F_000567248435_20200307141513.jpg,0.059560776,No
130,AB_F_000567248436_20200307141424.jpg,0.14194554,No
131,AB_F_000567248439_20200307142524.jpg,0.8055372,Yes
132,AB_F_000567248440_20200307141854.jpg,0.0045917034,No
133,AB_F_000567248447_20200307141824.jpg,0.9375359,Yes
134,AB_F_000567248449_20200307141642.jpg,0.1995326,No
135,AB_F_000567248464_20200307140804.jpg,0.0827204,No
136,AB_F_000567248467_20200307141810.jpg,0.030985147,No
137,AB_F_000567248486_20200307142214.jpg,0.60167843,Yes
138,AB_F_000567248488_20200307142127.jpg,0.01192835,No
139,AB_F_000567248490_20200307141331.jpg,0.24661332,No
140,AB_F_000567248493_20200307141203.jpg,0.13473889,No
141,AB_F_000567248496_20200307141249.jpg,0.16101253,No
142,AB_F_000567248529_20200307175612.jpg,0.98476744,Yes
143,AB_F_000567248929_20200307143031.jpg,0.046355426,No
144,AB_F_000567248939_20200307143423.jpg,0.016774535,No
145,AB_F_000567248941_20200307143318.jpg,0.8702662,Yes
146,AB_F_000567249112_20200307143626.jpg,0.0108038485,No
147,AB_F_000567249169_20200307143847.jpg,0.9387512,Yes
148,AB_F_000567249246_20200307160826.jpg,0.9102448,Yes
149,AB_F_000567249366_20200307161140.jpg,0.9555286,Yes
150,AB_F_000567249366_20200307161157.jpg,0.9978045,Yes
151,AB_F_000567249514_20200307083646.jpg,0.11043316,No
152,AB_F_000567249602_20200303155505.jpg,0.016211659,No
153,AB_F_000567249698_20200307112343.jpg,0.19369689,No
154,AB_F_000567250128_20200307161542.jpg,0.87798154,Yes
155,AB_F_000567250128_20200307161558.jpg,0.8161093,Yes
156,AB_F_000567250361_20200307082344.jpg,0.04985848,No
157,AB_F_000567250937_20200303171326.jpg,0.9735228,Yes
158,AB_F_000567251186_20200307081247.jpg,0.9997288,Yes
159,AB_F_000567251382_20200307160235.jpg,0.93411535,Yes
160,AB_F_000567251493_20200307082850.jpg,0.088792294,No
161,AB_F_000567251657_20200307095956.jpg,0.2598591,No
162,AB_F_000567252682_20200307115439.jpg,0.9938973,Yes
163,AB_F_000567252682_20200307115938.jpg,0.8721014,Yes
164,AB_F_000567252800_20200307150142.jpg,0.9477962,Yes
165,AB_F_000567253886_20200307132618.jpg,0.98314226,Yes
166,AB_F_000567253886_20200307132750.jpg,0.9986667,Yes
167,AB_F_000567254788_20200307155514.jpg,0.9985283,Yes
168,AB_F_000567255250_20200307153924.jpg,0.99968463,Yes
169,AB_F_000567255275_20200307154603.jpg,0.39399034,No
170,AB_F_000567255410_20200307100912.jpg,0.99802876,Yes
171,AB_F_000567255410_20200307112742.jpg,0.9962175,Yes
172,AB_F_000567255410_20200307112751.jpg,0.9949198,Yes
173,AB_F_000567255410_20200307112821.jpg,0.99689615,Yes
174,AB_F_000567256890_20200304110102.jpg,0.9814054,Yes
175,AB_F_000567257539_20200307134400.jpg,0.9868458,Yes
176,AB_F_000567257565_20200306184340.jpg,0.99876523,Yes
177,AB_F_000567257565_20200306184400.jpg,0.95856,Yes
178,AB_F_000567263108_20200306095630.jpg,0.99936014,Yes
179,AB_F_000567263115_20200306101853.jpg,0.9899597,Yes
180,AB_F_000567263128_20200305102557.jpg,0.8209981,Yes
181,AB_F_000567263138_20200306100955.jpg,0.37093458,No
182,AB_F_000567263148_20200304094220.jpg,0.7948923,Yes
183,AB_F_000567263192_20200305100949.jpg,0.86897165,Yes
184,AB_F_000567263201_20200305121514.jpg,0.99924636,Yes
185,AB_F_000567263202_20200305111959.jpg,0.5621573,Yes
186,AB_F_000567263209_20200306095207.jpg,0.2822821,No
187,AB_F_000567263219_20200304111255.jpg,0.18502712,No
188,AB_F_000567263264_20200305094837.jpg,0.9390491,Yes
189,AB_F_000567263717_20200307113959.jpg,0.996975,Yes
190,AB_F_000567263717_20200307114148.jpg,0.7711537,Yes
191,AB_F_000567264384_20200305101949.jpg,0.8883437,Yes
192,AB_F_000567264555_20200304162755.jpg,0.9978444,Yes
193,AB_F_000567265747_20200307085528.jpg,0.9951218,Yes
194,AB_F_000567265895_20200304091414.jpg,0.91171956,Yes
195,AB_F_000567266091_20200307095602.jpg,0.8864957,Yes
196,AB_F_000567266151_20200307084307.jpg,0.97178197,Yes
197,AB_F_000567266151_20200307084844.jpg,0.7537558,Yes
198,AB_F_000567268062_20200307154844.jpg,0.31948006,No
199,AB_F_000567269150_20200307094059.jpg,0.99953425,Yes
200,AB_F_000567269363_20200307142548.jpg,0.9798585,Yes
